episode,total_reward,episode_steps,actor_loss_mean,actor_loss_std,actor_loss_min,actor_loss_max,critic_loss_mean,critic_loss_std,critic_loss_min,critic_loss_max,td_error_mean,td_error_abs_mean,td_error_std,td_error_min,td_error_max,advantage_mean,advantage_abs_mean,advantage_std,advantage_min,advantage_max,entropy_mean_mean,entropy_mean_std,value_mean,value_min,value_max,next_value_mean,next_value_min,next_value_max,target_mean,target_min,target_max
0,-119.0,12,-0.07172051817178726,0.24547140300273895,-0.7978487014770508,0.17521190643310547,0.06576208025217056,0.1725696176290512,5.294318725646008e-06,0.6351496577262878,-0.09173015505075455,0.20003914833068848,0.3508699834346771,-1.1270755529403687,0.26362666487693787,-0.09173015505075455,0.20003914833068848,0.3508699834346771,-1.1270755529403687,0.26362666487693787,0.693117082118988,2.4764869522186927e-05,-0.02528778649866581,-0.10846749693155289,0.15933649241924286,-0.01840338110923767,-0.10846749693155289,0.15835478901863098,-0.1170179471373558,-1.0,0.16360415518283844
1,-132.0,9,-0.12191029638051987,0.24340930581092834,-0.8003464937210083,0.04927787184715271,0.07039307802915573,0.19100862741470337,2.482562376826536e-05,0.6106212139129639,-0.16032597422599792,0.18175403773784637,0.3392369747161865,-1.1050983667373657,0.08222497999668121,-0.16032597422599792,0.18175403773784637,0.3392369747161865,-1.1050983667373657,0.08222497999668121,0.6930298209190369,6.923793262103572e-05,0.10594242066144943,0.06020569056272507,0.21051841974258423,0.09513722360134125,0.0,0.21127814054489136,-0.05438356101512909,-1.0,0.2049397975206375
2,-124.0,10,-0.1011882796883583,0.2268706113100052,-0.7723936438560486,0.023858115077018738,0.05876888707280159,0.1702239215373993,8.603365131421015e-06,0.5693747997283936,-0.13177183270454407,0.1468346118927002,0.31650272011756897,-1.0671221017837524,0.04606480896472931,-0.13177183270454407,0.1468346118927002,0.31650272011756897,-1.0671221017837524,0.04606480896472931,0.6928863525390625,5.1353628805372864e-05,0.03617384284734726,-0.05153634026646614,0.09925787895917892,0.02928042970597744,-0.05162970721721649,0.09527864307165146,-0.09559798240661621,-1.0,0.09242028743028641
3,-160.0,9,-0.14047914743423462,0.2235875129699707,-0.7701953649520874,-0.015276039019227028,0.06179898977279663,0.16527429223060608,6.7502936872188e-05,0.5292401313781738,-0.18222655355930328,0.18222655355930328,0.3006517291069031,-1.0288246870040894,-0.0116192027926445,-0.18222655355930328,0.18222655355930328,0.3006517291069031,-1.0288246870040894,-0.0116192027926445,0.6926014423370361,0.000221121430513449,0.04264172539114952,-0.012448692694306374,0.15365935862064362,0.03937418386340141,-0.006060784682631493,0.15600216388702393,-0.13958482444286346,-1.0,0.07904957979917526
4,-137.0,10,-0.10647855699062347,0.21780580282211304,-0.7445944547653198,0.05744524672627449,0.053192950785160065,0.15005964040756226,4.883862493443303e-05,0.503304660320282,-0.13525530695915222,0.16043904423713684,0.2968027889728546,-1.0032992362976074,0.09733383357524872,-0.13525530695915222,0.16043904423713684,0.2968027889728546,-1.0032992362976074,0.09733383357524872,0.6923858523368835,0.00022073856962379068,-0.0243354644626379,-0.08196370303630829,0.10341981053352356,-0.023289460688829422,-0.07759609818458557,0.10770101845264435,-0.15959078073501587,-1.0,0.015370131470263004
5,-125.0,9,-0.10814760625362396,0.22733817994594574,-0.7328808307647705,0.049189407378435135,0.05578488111495972,0.1476215273141861,7.530520088039339e-05,0.473131388425827,-0.1338415890932083,0.16465535759925842,0.3060329854488373,-0.9727603793144226,0.08812347054481506,-0.1338415890932083,0.16465535759925842,0.3060329854488373,-0.9727603793144226,0.08812347054481506,0.6918724775314331,0.0003462416643742472,-0.07256132364273071,-0.1025637835264206,-0.000945722684264183,-0.06960209459066391,-0.0986478179693222,0.0,-0.20640292763710022,-1.0,-0.014440309256315231
6,-131.0,8,-0.11404859274625778,0.19362936913967133,-0.6044951677322388,0.05205921828746796,0.060498956590890884,0.1457103192806244,1.5065415027493145e-05,0.445597380399704,-0.16271425783634186,0.19117528200149536,0.3074442744255066,-0.9440311193466187,0.09440984576940536,-0.16271425783634186,0.19117528200149536,0.3074442744255066,-0.9440311193466187,0.09440984576940536,0.6910574436187744,0.0002965945459436625,-0.07348661869764328,-0.13622526824474335,0.03750839829444885,-0.07469162344932556,-0.13150304555892944,0.03309787064790726,-0.23620086908340454,-1.0,-0.04181542247533798
7,-132.0,9,-0.10875554382801056,0.21430180966854095,-0.6999062299728394,0.03966127708554268,0.0489889532327652,0.1302153617143631,5.569079348788364e-07,0.417154997587204,-0.1316162496805191,0.15485280752182007,0.28399837017059326,-0.91340571641922,0.07659289985895157,-0.1316162496805191,0.15485280752182007,0.28399837017059326,-0.91340571641922,0.07659289985895157,0.6904938817024231,0.0005979190464131534,-0.11601272970438004,-0.17028328776359558,-0.010143596678972244,-0.10408483445644379,-0.1661127358675003,0.0,-0.24762895703315735,-1.0,-0.00554307084530592
8,-140.0,11,-0.0830964595079422,0.1564435362815857,-0.5511801242828369,0.031021196395158768,0.03781866654753685,0.10910651087760925,9.736628999235108e-05,0.38259264826774597,-0.1129683330655098,0.13983853161334991,0.2507498264312744,-0.874748706817627,0.0601826012134552,-0.1129683330655098,0.13983853161334991,0.2507498264312744,-0.874748706817627,0.0601826012134552,0.6904282569885254,0.0007684892625547945,-0.12735038995742798,-0.20689435303211212,-0.0497036948800087,-0.11654224991798401,-0.20315122604370117,0.0,-0.24031873047351837,-1.0,-0.0854152962565422
9,-151.0,9,-0.11907940357923508,0.20396296679973602,-0.6567416191101074,0.05726528540253639,0.0461282841861248,0.11030448973178864,0.0001454688754165545,0.35648313164711,-0.14275670051574707,0.17869728803634644,0.2680990397930145,-0.8443732857704163,0.1065170019865036,-0.14275670051574707,0.17869728803634644,0.2680990397930145,-0.8443732857704163,0.1065170019865036,0.6883043646812439,0.001813424052670598,-0.2273387908935547,-0.3333257734775543,-0.1351221799850464,-0.20857495069503784,-0.3234681487083435,0.0,-0.37009546160697937,-1.0,-0.1387416273355484
10,-127.0,11,-0.0863259881734848,0.1932036280632019,-0.6743395924568176,0.041371166706085205,0.03218754753470421,0.09257713705301285,0.00011334379814798012,0.32459086179733276,-0.09389248490333557,0.12304377555847168,0.23571017384529114,-0.8057181239128113,0.08140574395656586,-0.09389248490333557,0.12304377555847168,0.23571017384529114,-0.8057181239128113,0.08140574395656586,0.6887778043746948,0.0013500653440132737,-0.19885343313217163,-0.268281489610672,-0.16003292798995972,-0.1827745884656906,-0.2654878497123718,0.0,-0.2927458882331848,-1.0,-0.16762027144432068
11,-138.0,9,-0.08598652482032776,0.13112784922122955,-0.4263514280319214,0.039636608213186264,0.03517252951860428,0.08948118984699249,1.9565686670830473e-05,0.2879962921142578,-0.12167952954769135,0.14316123723983765,0.23566745221614838,-0.7589417695999146,0.0805419385433197,-0.12167952954769135,0.14316123723983765,0.23566745221614838,-0.7589417695999146,0.0805419385433197,0.6867362260818481,0.0019293382065370679,-0.22063523530960083,-0.2859172523021698,-0.1379711925983429,-0.19482620060443878,-0.28396451473236084,0.0,-0.34231477975845337,-1.0,-0.16999372839927673
12,-147.0,9,-0.10867991298437119,0.19850745797157288,-0.61704021692276,0.0490795336663723,0.03969062864780426,0.09076834470033646,2.2849246050782313e-08,0.29247552156448364,-0.12638738751411438,0.15849564969539642,0.25180843472480774,-0.76482093334198,0.10577362775802612,-0.12638738751411438,0.15849564969539642,0.25180843472480774,-0.76482093334198,0.10577362775802612,0.6823386549949646,0.004326540045440197,-0.3417145013809204,-0.4707282781600952,-0.21010197699069977,-0.31419438123703003,-0.4605836272239685,0.0,-0.4681019186973572,-1.0,-0.29108136892318726
13,-122.0,9,-0.08664171397686005,0.18946048617362976,-0.6038156747817993,0.047908760607242584,0.032357312738895416,0.0844075083732605,0.0002000496897380799,0.2709466814994812,-0.09169825166463852,0.1325628012418747,0.2372889667749405,-0.7361340522766113,0.1002902239561081,-0.09169825166463852,0.1325628012418747,0.2372889667749405,-0.7361340522766113,0.1002902239561081,0.682674765586853,0.002277176361531019,-0.30393821001052856,-0.3445284366607666,-0.18539132177829742,-0.26812463998794556,-0.3418937921524048,0.0,-0.3956364393234253,-1.0,-0.23904919624328613
14,-138.0,11,-0.05805790051817894,0.16099007427692413,-0.3348625898361206,0.29926881194114685,0.030026745051145554,0.05501376837491989,0.00017682516772765666,0.19554778933525085,-0.08264543861150742,0.16916881501674652,0.23070159554481506,-0.6253763437271118,0.3309642970561981,-0.08264543861150742,0.16916881501674652,0.23070159554481506,-0.6253763437271118,0.3309642970561981,0.6759633421897888,0.0038825140800327063,-0.3706817626953125,-0.5342357754707336,-0.2492924928665161,-0.33801302313804626,-0.5259934663772583,0.0,-0.4533271789550781,-1.0,-0.20327147841453552
15,-110.0,9,-0.03833164647221565,0.18292401731014252,-0.399450421333313,0.2612246572971344,0.038517460227012634,0.07329244911670685,0.00022083052317611873,0.2373134046792984,-0.055334221571683884,0.17414003610610962,0.27197983860969543,-0.6889316439628601,0.2942052185535431,-0.055334221571683884,0.17414003610610962,0.27197983860969543,-0.6889316439628601,0.2942052185535431,0.6764404773712158,0.0046216086484491825,-0.3813062012195587,-0.5170241594314575,-0.2606081962585449,-0.3241424560546875,-0.5095986127853394,0.0,-0.4366403818130493,-1.0,-0.22281894087791443
16,-133.0,9,-0.07866726070642471,0.1354532688856125,-0.3903730511665344,0.017444532364606857,0.0301583930850029,0.06978558748960495,0.00017033253971021622,0.2243819236755371,-0.10240063071250916,0.13549387454986572,0.2232283502817154,-0.6698983907699585,0.04587021470069885,-0.10240063071250916,0.13549387454986572,0.2232283502817154,-0.6698983907699585,0.04587021470069885,0.6784336566925049,0.005714663304388523,-0.35158851742744446,-0.4731535315513611,-0.2819046974182129,-0.3156818151473999,-0.4726581871509552,0.0,-0.4539891481399536,-1.0,-0.2634475827217102
17,-129.0,10,-0.0512574203312397,0.11967182159423828,-0.30023637413978577,0.18354707956314087,0.01983984373509884,0.04293080046772957,0.00023654622782487422,0.14677847921848297,-0.07291118800640106,0.12858031690120697,0.18537433445453644,-0.5418089628219604,0.21281734108924866,-0.07291118800640106,0.12858031690120697,0.18537433445453644,-0.5418089628219604,0.21281734108924866,0.675399899482727,0.003914864733815193,-0.4128726124763489,-0.474111407995224,-0.3112918734550476,-0.36781832575798035,-0.4716753661632538,0.0,-0.48578375577926636,-1.0,-0.26129406690597534
18,-137.0,8,-0.08850517123937607,0.17445677518844604,-0.5134394764900208,0.12654949724674225,0.027622226625680923,0.062175214290618896,0.00025295623345300555,0.1917901635169983,-0.10267075151205063,0.14662903547286987,0.21143124997615814,-0.6193386316299438,0.15334069728851318,-0.10267075151205063,0.14662903547286987,0.21143124997615814,-0.6193386316299438,0.15334069728851318,0.6789159178733826,0.005623635370284319,-0.3454384207725525,-0.46441638469696045,-0.21837130188941956,-0.28542184829711914,-0.41841185092926025,0.0,-0.4481092095375061,-1.0,-0.2818201780319214
19,-151.0,10,-0.06795285642147064,0.0844927579164505,-0.2703399360179901,0.040564458817243576,0.0141597343608737,0.0337807759642601,0.0001597032241988927,0.11500217020511627,-0.08724553883075714,0.10670182853937149,0.14390166103839874,-0.4795876741409302,0.05784115195274353,-0.08724553883075714,0.10670182853937149,0.14390166103839874,-0.4795876741409302,0.05784115195274353,0.6779056191444397,0.007576166186481714,-0.4263479709625244,-0.5204123258590698,-0.2532501220703125,-0.37380772829055786,-0.5176318883895874,0.0,-0.5135935544967651,-1.0,-0.3322277367115021
20,-151.0,9,-0.07392719388008118,0.07695082575082779,-0.2462761104106903,0.009555693715810776,0.015174751169979572,0.029305581003427505,0.00016006722580641508,0.09353722631931305,-0.10468825697898865,0.1151404082775116,0.13924752175807953,-0.4325210452079773,0.028549760580062866,-0.10468825697898865,0.1151404082775116,0.13924752175807953,-0.4325210452079773,0.028549760580062866,0.6754236221313477,0.008728920482099056,-0.4467862546443939,-0.5674789547920227,-0.29240143299102783,-0.39556360244750977,-0.563453197479248,0.0,-0.5514744520187378,-1.0,-0.35362938046455383
21,-155.0,17,-0.04388980567455292,0.0952441468834877,-0.24200206995010376,0.12273179739713669,0.009914219379425049,0.016697261482477188,1.63980246270512e-06,0.06572702527046204,-0.04875461384654045,0.10546953231096268,0.1321038454771042,-0.36256593465805054,0.148235023021698,-0.04875461384654045,0.10546953231096268,0.1321038454771042,-0.36256593465805054,0.148235023021698,0.6782054901123047,0.008958250284194946,-0.4759991466999054,-0.6374340653419495,-0.3606860935688019,-0.4469869136810303,-0.6349073052406311,0.0,-0.5247538089752197,-1.0,-0.35257571935653687
22,-130.0,11,-0.04770940914750099,0.1144929900765419,-0.24675805866718292,0.19329899549484253,0.012775629758834839,0.016728712245821953,0.0002546556934248656,0.04963073134422302,-0.055192217230796814,0.12192949652671814,0.1500169187784195,-0.3150578737258911,0.22989729046821594,-0.055192217230796814,0.12192949652671814,0.1500169187784195,-0.3150578737258911,0.22989729046821594,0.6684250235557556,0.01428155042231083,-0.5531206727027893,-0.6849421262741089,-0.41870465874671936,-0.5052897334098816,-0.682407021522522,0.0,-0.6083129644393921,-1.0,-0.3662908971309662
23,-132.0,9,-0.050460536032915115,0.10809516906738281,-0.22320275008678436,0.13161815702915192,0.011146848089993,0.014129783026874065,0.00027111786766909063,0.041182465851306915,-0.05233415961265564,0.11514478176832199,0.1398385912179947,-0.2869929075241089,0.16399234533309937,-0.05233415961265564,0.11514478176832199,0.1398385912179947,-0.2869929075241089,0.16399234533309937,0.669664204120636,0.012767158448696136,-0.599944531917572,-0.7130070924758911,-0.442865788936615,-0.521249532699585,-0.7107767462730408,0.0,-0.6522786617279053,-1.0,-0.4195798337459564
24,-112.0,11,-0.03847549855709076,0.12764011323451996,-0.3813159763813019,0.10984763503074646,0.014011580497026443,0.027335913851857185,4.0259525121655315e-05,0.09670199453830719,-0.021430933848023415,0.1092754676938057,0.16602371633052826,-0.4397771954536438,0.20548927783966064,-0.021430933848023415,0.1092754676938057,0.16602371633052826,-0.4397771954536438,0.20548927783966064,0.6707958579063416,0.015275750309228897,-0.5489673018455505,-0.7186688184738159,-0.41103631258010864,-0.4830721914768219,-0.6485311388969421,0.0,-0.570398211479187,-1.0,-0.4756797254085541
25,-137.0,9,-0.052371006458997726,0.11827093362808228,-0.2427961230278015,0.1367325484752655,0.016304267570376396,0.027168840169906616,0.0003028505598194897,0.08773528784513474,-0.05270938575267792,0.1299242228269577,0.17271438241004944,-0.4188920855522156,0.1707630157470703,-0.05270938575267792,0.1299242228269577,0.17271438241004944,-0.4188920855522156,0.1707630157470703,0.6545787453651428,0.02530049905180931,-0.5978072881698608,-0.7423142194747925,-0.4870336055755615,-0.5137055516242981,-0.6538299918174744,0.0,-0.6505166888237,-1.0,-0.46242260932922363
26,-132.0,12,-0.03244371339678764,0.08836805820465088,-0.1798762083053589,0.11823596805334091,0.008145805448293686,0.010023552924394608,0.0003462420718278736,0.027104277163743973,-0.02950020134449005,0.09995021671056747,0.12418272346258163,-0.2328273057937622,0.2234594225883484,-0.02950020134449005,0.09995021671056747,0.12418272346258163,-0.2328273057937622,0.2234594225883484,0.6640187501907349,0.02382364496588707,-0.6273851990699768,-0.7671726942062378,-0.5433005690574646,-0.5637993216514587,-0.7657532691955566,0.0,-0.6568853259086609,-1.0,-0.517522394657135
27,-151.0,9,-0.07373908907175064,0.10478717088699341,-0.32270705699920654,0.03763367235660553,0.013735431246459484,0.022385206073522568,0.00044296725536696613,0.06445953249931335,-0.07980439811944962,0.11853906512260437,0.14526569843292236,-0.35905301570892334,0.11312896013259888,-0.07980439811944962,0.11853906512260437,0.14526569843292236,-0.35905301570892334,0.11312896013259888,0.6555246114730835,0.024096300825476646,-0.6225094795227051,-0.7227702140808105,-0.45202165842056274,-0.551068127155304,-0.7177103161811829,0.0,-0.7023139595985413,-1.0,-0.508461058139801
28,-114.0,10,-0.021089700981974602,0.09149578958749771,-0.19893477857112885,0.12381839752197266,0.011373179033398628,0.01840914599597454,6.367098103510216e-05,0.05660508945584297,-0.013317865319550037,0.09949740767478943,0.1502297818660736,-0.3364672064781189,0.23828822374343872,-0.013317865319550037,0.09949740767478943,0.1502297818660736,-0.3364672064781189,0.23828822374343872,0.649687647819519,0.031178845092654228,-0.7193455100059509,-0.8092780709266663,-0.5989242196083069,-0.6377972364425659,-0.8053290843963623,0.0,-0.7326633334159851,-1.0,-0.5709898471832275
29,-128.0,10,-0.024562155827879906,0.08100426197052002,-0.17280086874961853,0.08763953298330307,0.01206926815211773,0.0174832995980978,0.0005272274720482528,0.05176591873168945,-0.026623833924531937,0.11794515699148178,0.15306764841079712,-0.32176363468170166,0.18181580305099487,-0.026623833924531937,0.11794515699148178,0.15306764841079712,-0.32176363468170166,0.18181580305099487,0.643405556678772,0.0300068911164999,-0.695374608039856,-0.819186806678772,-0.5144380927085876,-0.6123695373535156,-0.7525689005851746,0.0,-0.721998393535614,-1.0,-0.4879758954048157
30,-133.0,10,-0.04180809482932091,0.11671299487352371,-0.2893418073654175,0.11876186728477478,0.010786155238747597,0.015803130343556404,5.4605668992735445e-05,0.048066429793834686,-0.031486641615629196,0.10568229109048843,0.1434604525566101,-0.3100529909133911,0.2357274889945984,-0.031486641615629196,0.10568229109048843,0.1434604525566101,-0.3100529909133911,0.2357274889945984,0.6523792743682861,0.030626166611909866,-0.6857286691665649,-0.8311896920204163,-0.55372154712677,-0.6022837162017822,-0.8293014764785767,0.0,-0.7172152400016785,-1.0,-0.5641719698905945
31,-143.0,10,-0.06882535666227341,0.1289992332458496,-0.2736278176307678,0.16585999727249146,0.013084745034575462,0.01259228028357029,5.0737389756250195e-06,0.04185004532337189,-0.05485689640045166,0.13603320717811584,0.15218479931354523,-0.28930968046188354,0.19214969873428345,-0.05485689640045166,0.13603320717811584,0.15218479931354523,-0.28930968046188354,0.19214969873428345,0.6504226326942444,0.02859584055840969,-0.6621242165565491,-0.8357489705085754,-0.5723217129707336,-0.5917330384254456,-0.8326424360275269,0.0,-0.716981053352356,-1.0,-0.5777971744537354
32,-125.0,9,-0.04431978240609169,0.13853298127651215,-0.3025440573692322,0.1667296141386032,0.01107849832624197,0.016171922907233238,9.593235154170543e-05,0.04161905124783516,-0.025513729080557823,0.10236459225416183,0.14664939045906067,-0.28851014375686646,0.19125932455062866,-0.025513729080557823,0.10236459225416183,0.14664939045906067,-0.28851014375686646,0.19125932455062866,0.6288163661956787,0.03592478483915329,-0.712544858455658,-0.8455785512924194,-0.572917640209198,-0.6177007555961609,-0.7805542349815369,0.0,-0.7380586266517639,-1.0,-0.5457301139831543
33,-118.0,10,-0.02026628702878952,0.0666731521487236,-0.13023971021175385,0.06781463325023651,0.008977735415101051,0.011205706745386124,0.0005665838834829628,0.03459862992167473,-0.012304043397307396,0.10838302224874496,0.13343194127082825,-0.2630537152290344,0.15325546264648438,-0.012304043397307396,0.10838302224874496,0.13343194127082825,-0.2630537152290344,0.15325546264648438,0.6177624464035034,0.047416020184755325,-0.74810791015625,-0.8481438755989075,-0.6075327396392822,-0.6622803807258606,-0.7911666035652161,0.0,-0.7604119777679443,-1.0,-0.5786217451095581
34,-120.0,11,-0.018154727295041084,0.13029779493808746,-0.28829070925712585,0.2976122796535492,0.008800303563475609,0.015179838985204697,0.0001439031184418127,0.046079281717538834,-0.009641333483159542,0.08943235874176025,0.1323164850473404,-0.25801730155944824,0.3035762906074524,-0.009641333483159542,0.08943235874176025,0.1323164850473404,-0.25801730155944824,0.3035762906074524,0.6046848893165588,0.062164850533008575,-0.8071680068969727,-0.8636692762374878,-0.6169644594192505,-0.7296066284179688,-0.8601439595222473,0.0,-0.8168094158172607,-1.0,-0.5600929856300354
35,-126.0,15,-0.01768936775624752,0.08117283880710602,-0.20853856205940247,0.11676491051912308,0.0069194757379591465,0.007874807342886925,0.00019789992074947804,0.024965977296233177,-0.008587666787207127,0.09611337631940842,0.11732520163059235,-0.22345459461212158,0.2077314853668213,-0.008587666787207127,0.09611337631940842,0.11732520163059235,-0.22345459461212158,0.2077314853668213,0.6322195529937744,0.053858883678913116,-0.7081827521324158,-0.8457984328269958,-0.6376103758811951,-0.6523407101631165,-0.8400855660438538,0.0,-0.7167704701423645,-1.0,-0.590837836265564
36,-122.0,15,-0.008121472783386707,0.061558958142995834,-0.1261318027973175,0.10268370807170868,0.006527416408061981,0.009569413028657436,0.0004462946380954236,0.033602386713027954,-0.005440922453999519,0.08829217404127121,0.11412812769412994,-0.2592388391494751,0.2060350775718689,-0.005440922453999519,0.08829217404127121,0.11412812769412994,-0.2592388391494751,0.2060350775718689,0.6267925500869751,0.058396413922309875,-0.7261047959327698,-0.8411343097686768,-0.6409717202186584,-0.670322060585022,-0.8397310972213745,0.0,-0.7315457463264465,-1.0,-0.6017729640007019
37,-123.0,11,-0.03701644763350487,0.09412422776222229,-0.2391735315322876,0.10035087913274765,0.0076852054335176945,0.009632828645408154,0.00043705449206754565,0.03007439151406288,-0.022763067856431007,0.09810426086187363,0.12186981737613678,-0.24525249004364014,0.13311517238616943,-0.022763067856431007,0.09810426086187363,0.12186981737613678,-0.24525249004364014,0.13311517238616943,0.5798910856246948,0.07415197789669037,-0.7713001370429993,-0.8567394018173218,-0.6520060896873474,-0.7033453583717346,-0.8567394018173218,0.0,-0.7940632104873657,-1.0,-0.6226138472557068
38,-114.0,10,-0.05203763395547867,0.10471120476722717,-0.2512569725513458,0.054990485310554504,0.006442993879318237,0.009674291126430035,0.0002581515582278371,0.02792033553123474,-0.018286574631929398,0.08429138362407684,0.11203387379646301,-0.2363063097000122,0.1336727738380432,-0.018286574631929398,0.08429138362407684,0.11203387379646301,-0.2363063097000122,0.1336727738380432,0.5890488624572754,0.05535408481955528,-0.7463982701301575,-0.7760273218154907,-0.6525319814682007,-0.6708091497421265,-0.7760273218154907,0.0,-0.7646849155426025,-1.0,-0.6245782375335693
39,-125.0,11,-0.04095195606350899,0.10703650861978531,-0.3106519281864166,0.07288802415132523,0.007122901268303394,0.00899694673717022,0.0004458815965335816,0.02615753933787346,-0.018292730674147606,0.09225236624479294,0.11794566363096237,-0.2287248969078064,0.13986438512802124,-0.018292730674147606,0.09225236624479294,0.11794566363096237,-0.2287248969078064,0.13986438512802124,0.6148105263710022,0.07204008847475052,-0.7083801031112671,-0.8477280735969543,-0.6596266627311707,-0.6319963932037354,-0.7753316760063171,0.0,-0.726672887802124,-1.0,-0.6322183012962341
40,-103.0,28,-0.0039367214776575565,0.08869509398937225,-0.2781326472759247,0.2822776436805725,0.0055808634497225285,0.009353664703667164,3.6572557291947305e-05,0.03846794366836548,0.013613209128379822,0.07736249268054962,0.10476835817098618,-0.22981607913970947,0.27737319469451904,0.013613209128379822,0.07736249268054962,0.10476835817098618,-0.22981607913970947,0.27737319469451904,0.5731250643730164,0.08019790798425674,-0.7206600904464722,-0.8845034241676331,-0.644176721572876,-0.6909909844398499,-0.8837267160415649,0.0,-0.7070469260215759,-1.0,-0.607130229473114
41,-112.0,11,-0.05449048429727554,0.15613366663455963,-0.3260636329650879,0.2106555700302124,0.010386033914983273,0.01151150744408369,8.290840014524292e-07,0.029143773019313812,-0.011612691916525364,0.11165651679039001,0.14365656673908234,-0.24142813682556152,0.21383213996887207,-0.011612691916525364,0.11165651679039001,0.14365656673908234,-0.24142813682556152,0.21383213996887207,0.5075321197509766,0.11859968304634094,-0.7477368712425232,-0.7995267510414124,-0.6427821516990662,-0.6778673529624939,-0.798360288143158,0.0,-0.7593494653701782,-1.0,-0.5856946110725403
42,-113.0,16,-0.02952934056520462,0.11396666616201401,-0.2898619771003723,0.17167820036411285,0.006457875482738018,0.008676118217408657,0.000307627982692793,0.02702494151890278,0.0006595253944396973,0.08774131536483765,0.11364557594060898,-0.2324863076210022,0.20415246486663818,0.0006595253944396973,0.08774131536483765,0.11364557594060898,-0.2324863076210022,0.20415246486663818,0.5793027877807617,0.10542652010917664,-0.7376754283905029,-0.8274765014648438,-0.642905592918396,-0.6870008707046509,-0.8268134593963623,0.0,-0.7370158433914185,-1.0,-0.5859051942825317
43,-116.0,11,-0.023130683228373528,0.07096003741025925,-0.2150576412677765,0.057956039905548096,0.007664430420845747,0.009388526901602745,0.0004298661951906979,0.027038495987653732,-0.018248172476887703,0.09902960807085037,0.1224576011300087,-0.23254460096359253,0.17098158597946167,-0.018248172476887703,0.09902960807085037,0.1224576011300087,-0.23254460096359253,0.17098158597946167,0.5248734354972839,0.11618269979953766,-0.6692457795143127,-0.7690401673316956,-0.6160030961036682,-0.6000405550003052,-0.7676278948783875,0.0,-0.6874939203262329,-1.0,-0.5741263031959534
44,-141.0,9,-0.038621921092271805,0.054036930203437805,-0.13965566456317902,0.04720522090792656,0.005125758703798056,0.007825291715562344,7.499335424654419e-06,0.023730123415589333,-0.051256999373435974,0.07634023576974869,0.08731687813997269,-0.21785372495651245,0.044018328189849854,-0.051256999373435974,0.07634023576974869,0.08731687813997269,-0.21785372495651245,0.044018328189849854,0.5228142142295837,0.11698509007692337,-0.7162293791770935,-0.7821462750434875,-0.6232153177261353,-0.6297110319137573,-0.7808713316917419,0.0,-0.7674863934516907,-1.0,-0.674518883228302
45,-128.0,17,-0.0064732227474451065,0.04855804890394211,-0.08207613229751587,0.09957839548587799,0.004324674606323242,0.006399881094694138,2.2109929886937607e-08,0.021249081939458847,-0.005779690574854612,0.07146698981523514,0.0928221195936203,-0.2061508297920227,0.19198399782180786,-0.005779690574854612,0.07146698981523514,0.0928221195936203,-0.2061508297920227,0.19198399782180786,0.5532102584838867,0.11976496130228043,-0.7348318696022034,-0.8281835913658142,-0.6540827751159668,-0.685894250869751,-0.8264442086219788,0.0,-0.7406115531921387,-1.0,-0.6069794297218323
46,-136.0,15,-0.03146393969655037,0.11287110298871994,-0.33436498045921326,0.19062137603759766,0.006151255685836077,0.00801650620996952,7.17644506949e-05,0.022793877869844437,-0.016301004216074944,0.08635750412940979,0.10971229523420334,-0.21351289749145508,0.19020336866378784,-0.016301004216074944,0.08635750412940979,0.10971229523420334,-0.21351289749145508,0.19020336866378784,0.5398949384689331,0.11470331996679306,-0.7468059659004211,-0.8228334188461304,-0.6790850758552551,-0.6932374238967896,-0.8176136016845703,0.0,-0.7631070017814636,-1.0,-0.6326300501823425
47,-125.0,11,-0.011751814745366573,0.03143281489610672,-0.07638894021511078,0.05233163386583328,0.002827614778652787,0.005278002005070448,0.0002506375312805176,0.01897559128701687,-0.018087781965732574,0.05789124593138695,0.07299357652664185,-0.1948106288909912,0.055932462215423584,-0.018087781965732574,0.05789124593138695,0.07299357652664185,-0.1948106288909912,0.055932462215423584,0.4997296631336212,0.1240800991654396,-0.748766303062439,-0.8288793563842773,-0.6942880153656006,-0.6734203696250916,-0.8052319288253784,0.0,-0.7668541073799133,-1.0,-0.7185648679733276
48,-104.0,10,-0.038770873099565506,0.08666933327913284,-0.2355334609746933,0.03296910598874092,0.0034452653490006924,0.005491397809237242,0.0005003446713089943,0.01856640912592411,-0.004122394137084484,0.06422258168458939,0.0829067975282669,-0.19269877672195435,0.10814923048019409,-0.004122394137084484,0.06422258168458939,0.0829067975282669,-0.19269877672195435,0.10814923048019409,0.46831265091896057,0.08913149684667587,-0.7483295798301697,-0.8073012232780457,-0.7208317518234253,-0.6685072183609009,-0.8076568841934204,0.0,-0.75245201587677,-1.0,-0.6894907355308533
49,-138.0,11,-0.055026765912771225,0.1522854119539261,-0.5043970942497253,0.09125149995088577,0.006050837226212025,0.008417434059083462,0.00032087258296087384,0.02810228429734707,-0.028722388669848442,0.08794417977333069,0.10619180649518967,-0.23707503080368042,0.09812414646148682,-0.028722388669848442,0.08794417977333069,0.10619180649518967,-0.23707503080368042,0.09812414646148682,0.5434366464614868,0.13021273910999298,-0.7382608652114868,-0.8454564809799194,-0.6632462739944458,-0.6613698601722717,-0.8444241285324097,0.0,-0.7669832706451416,-1.0,-0.6354498267173767
50,-127.0,11,-0.03636910021305084,0.06848210096359253,-0.21012000739574432,0.028126543387770653,0.002566756447777152,0.0037301641423255205,0.0005210405215620995,0.013382747769355774,-0.0156966932117939,0.05946163088083267,0.06990798562765121,-0.16360163688659668,0.07915842533111572,-0.0156966932117939,0.05946163088083267,0.06990798562765121,-0.16360163688659668,0.07915842533111572,0.4802955389022827,0.13830417394638062,-0.7909365296363831,-0.8674386739730835,-0.7407411336898804,-0.7125552892684937,-0.863829493522644,0.0,-0.8066331744194031,-1.0,-0.7104299068450928
51,-117.0,15,-0.021552780643105507,0.09420693665742874,-0.3626154661178589,0.053127337247133255,0.0037645071279257536,0.0058603426441550255,0.00051642901962623,0.021400179713964462,0.001284344936721027,0.06845051795244217,0.08676038682460785,-0.20688247680664062,0.13513058423995972,0.001284344936721027,0.06845051795244217,0.08676038682460785,-0.20688247680664062,0.13513058423995972,0.4608665704727173,0.11290274560451508,-0.7720794081687927,-0.8764098882675171,-0.7349452972412109,-0.7142216563224792,-0.864023745059967,0.0,-0.7707949876785278,-1.0,-0.7058007717132568
52,-112.0,15,-0.0059124138206243515,0.048041630536317825,-0.11592065542936325,0.08730208873748779,0.004220584407448769,0.005172761622816324,0.0004978814977221191,0.017515629529953003,0.001359101152047515,0.07633773237466812,0.09186578541994095,-0.16830074787139893,0.18716639280319214,0.001359101152047515,0.07633773237466812,0.09186578541994095,-0.16830074787139893,0.18716639280319214,0.5238409638404846,0.1486118584871292,-0.7502471804618835,-0.8733930587768555,-0.7161596417427063,-0.695073664188385,-0.8731144666671753,0.0,-0.7488881349563599,-1.0,-0.6583783626556396
53,-103.0,11,-0.013701907359063625,0.03554113954305649,-0.10867089778184891,0.025644894689321518,0.003170151961967349,0.003974766004830599,0.000532688049133867,0.013283244334161282,0.0035598441027104855,0.06678272783756256,0.07954641431570053,-0.16299229860305786,0.10065114498138428,0.0035598441027104855,0.06678272783756256,0.07954641431570053,-0.16299229860305786,0.10065114498138428,0.3616717457771301,0.1471433788537979,-0.8134297728538513,-0.8870912790298462,-0.7214552164077759,-0.7383851408958435,-0.8870912790298462,0.0,-0.8098699450492859,-1.0,-0.7220313549041748
54,-114.0,10,-0.058632951229810715,0.12598556280136108,-0.4000389575958252,0.034380264580249786,0.004199985880404711,0.005228784400969744,0.0003167216491419822,0.014236992225050926,-0.010236864909529686,0.07307928055524826,0.09107787162065506,-0.1687423586845398,0.12812232971191406,-0.010236864909529686,0.07307928055524826,0.09107787162065506,-0.1687423586845398,0.12812232971191406,0.42875543236732483,0.11027903109788895,-0.7690210342407227,-0.8404175639152527,-0.7353629469871521,-0.6858329176902771,-0.83928382396698,0.0,-0.7792578935623169,-1.0,-0.7050641775131226
55,-114.0,10,-0.02931814454495907,0.06701631844043732,-0.16919076442718506,0.06022531911730766,0.004021753557026386,0.005131446290761232,0.00033365990384481847,0.01501804031431675,-0.006775307469069958,0.07246039807796478,0.08942931145429611,-0.15376919507980347,0.17330920696258545,-0.006775307469069958,0.07246039807796478,0.08942931145429611,-0.15376919507980347,0.17330920696258545,0.45469483733177185,0.16590248048305511,-0.7769597768783569,-0.8620079755783081,-0.7170935273170471,-0.6904484629631042,-0.8610848188400269,0.0,-0.7837349772453308,-1.0,-0.68728107213974
56,-115.0,11,-0.00729700643569231,0.015993310138583183,-0.0468294695019722,0.009464734233915806,0.0016139541985467076,0.0028301842976361513,0.00032646540785208344,0.010525188408792019,-0.004515366163104773,0.04713145270943642,0.056634970009326935,-0.14508748054504395,0.04299139976501465,-0.004515366163104773,0.04713145270943642,0.056634970009326935,-0.14508748054504395,0.04299139976501465,0.4537625014781952,0.1688503473997116,-0.8141250014305115,-0.854912519454956,-0.7694812417030334,-0.7361802458763123,-0.8548133373260498,0.0,-0.8186403512954712,-1.0,-0.7380303740501404
57,-122.0,10,-0.013563294894993305,0.04821742698550224,-0.12769179046154022,0.07416676729917526,0.002437873277813196,0.002843779046088457,0.0005477066733874381,0.009553728625178337,-0.015412050299346447,0.060523778200149536,0.06810444593429565,-0.13822972774505615,0.05712449550628662,-0.015412050299346447,0.060523778200149536,0.06810444593429565,-0.13822972774505615,0.05712449550628662,0.42728614807128906,0.1601800173521042,-0.7897446155548096,-0.861772358417511,-0.7213946580886841,-0.7042852640151978,-0.861772358417511,0.0,-0.8051567077636719,-1.0,-0.7368040084838867
58,-121.0,33,-0.010030063800513744,0.10477159172296524,-0.31998512148857117,0.23323595523834229,0.005214150063693523,0.006555364467203617,8.544344746042043e-05,0.024705728515982628,0.011482223868370056,0.08223079144954681,0.10147147625684738,-0.2222868800163269,0.20195341110229492,0.011482223868370056,0.08223079144954681,0.10147147625684738,-0.2222868800163269,0.20195341110229492,0.4599785804748535,0.1559077650308609,-0.7855789065361023,-0.8847572803497314,-0.7227612733840942,-0.7602371573448181,-0.8812224864959717,0.0,-0.7740967273712158,-1.0,-0.663151741027832
59,-116.0,10,-0.01101590320467949,0.02445158176124096,-0.04959531128406525,0.04015292972326279,0.0038782216142863035,0.005077772308140993,0.0005160000291652977,0.014102625660598278,-0.012758558616042137,0.07210571318864822,0.08714161813259125,-0.16372942924499512,0.16794419288635254,-0.012758558616042137,0.07210571318864822,0.08714161813259125,-0.16372942924499512,0.16794419288635254,0.4220810830593109,0.1737983226776123,-0.7453457117080688,-0.8422090411186218,-0.6931700706481934,-0.6619631052017212,-0.8366314172744751,0.0,-0.7581042051315308,-1.0,-0.6742648482322693
60,-105.0,28,-0.004625400993973017,0.06152092665433884,-0.28034356236457825,0.10994843393564224,0.0029197053518146276,0.004336030688136816,0.000315718847559765,0.01858026348054409,0.012429354712367058,0.062203288078308105,0.07539842277765274,-0.19277065992355347,0.16017907857894897,0.012429354712367058,0.062203288078308105,0.07539842277765274,-0.19277065992355347,0.16017907857894897,0.46678969264030457,0.1421022117137909,-0.7371999025344849,-0.8385688066482544,-0.6928672790527344,-0.7085261940956116,-0.8376141786575317,0.0,-0.7247705459594727,-1.0,-0.663176953792572
61,-105.0,16,-0.003638454247266054,0.04502292722463608,-0.13564275205135345,0.09419164806604385,0.003130574943497777,0.005011938977986574,0.0002885364228859544,0.020004015415906906,0.003506585955619812,0.06215600669384003,0.07904969155788422,-0.20002007484436035,0.13284450769424438,0.003506585955619812,0.06215600669384003,0.07904969155788422,-0.20002007484436035,0.13284450769424438,0.40879714488983154,0.15268251299858093,-0.7241467237472534,-0.8106437921524048,-0.6775965690612793,-0.6752733588218689,-0.8103480935096741,0.0,-0.7206401824951172,-1.0,-0.6182794570922852
62,-93.0,21,-0.00820005964487791,0.03917524963617325,-0.16391198337078094,0.03024762123823166,0.0033122720196843147,0.005651568528264761,0.0004452108114492148,0.025011388584971428,0.012521343305706978,0.06322285532951355,0.08042237907648087,-0.2236577272415161,0.13737618923187256,0.012521343305706978,0.06322285532951355,0.08042237907648087,-0.2236577272415161,0.13737618923187256,0.37540191411972046,0.0962156429886818,-0.7044171094894409,-0.8015165328979492,-0.6576511263847351,-0.6676392555236816,-0.801207423210144,0.0,-0.6918958425521851,-1.0,-0.6314913630485535
63,-122.0,10,-0.043951261788606644,0.10173416882753372,-0.327100932598114,0.029455434530973434,0.003545445157214999,0.006802946794778109,0.0002688125241547823,0.023310935124754906,-0.026045238599181175,0.060568392276763916,0.08007831871509552,-0.21592098474502563,0.030263066291809082,-0.026045238599181175,0.060568392276763916,0.08007831871509552,-0.21592098474502563,0.030263066291809082,0.41503387689590454,0.1780577152967453,-0.6893881559371948,-0.7840790152549744,-0.6559697389602661,-0.611786961555481,-0.7833569049835205,0.0,-0.7154332995414734,-1.0,-0.6283923983573914
64,-112.0,11,-0.014631715603172779,0.05058678239583969,-0.11908964812755585,0.06807363033294678,0.004888166207820177,0.0059949373826384544,0.0004049356502946466,0.02064073272049427,-0.011731770820915699,0.0822143405675888,0.09817686676979065,-0.20317840576171875,0.1276600956916809,-0.011731770820915699,0.0822143405675888,0.09817686676979065,-0.20317840576171875,0.1276600956916809,0.42775192856788635,0.1895839273929596,-0.6793984770774841,-0.7968215942382812,-0.6128131151199341,-0.6075381636619568,-0.7960405349731445,0.0,-0.6911302208900452,-1.0,-0.5868179798126221
65,-113.0,11,-0.007336093578487635,0.032029349356889725,-0.08070643246173859,0.05096789821982384,0.0034129200503230095,0.005631673615425825,0.0002878667146433145,0.018201639875769615,-0.010920053347945213,0.0625256821513176,0.08189378678798676,-0.19079643487930298,0.07408273220062256,-0.010920053347945213,0.0625256821513176,0.08189378678798676,-0.19079643487930298,0.07408273220062256,0.40851011872291565,0.17201484739780426,-0.701805055141449,-0.809203565120697,-0.6224275231361389,-0.6288637518882751,-0.808595597743988,0.0,-0.7127251029014587,-1.0,-0.5953904986381531
66,-114.0,15,-0.015197554603219032,0.07587986439466476,-0.28210553526878357,0.056382667273283005,0.003376703942194581,0.004855024162679911,0.0002224110357929021,0.01754085160791874,-0.0024095058906823397,0.06500900536775589,0.08214378356933594,-0.18730109930038452,0.13810783624649048,-0.0024095058906823397,0.06500900536775589,0.08214378356933594,-0.18730109930038452,0.13810783624649048,0.4364883303642273,0.1660061478614807,-0.7139068841934204,-0.8126989006996155,-0.6618216633796692,-0.660119891166687,-0.8124083280563354,0.0,-0.716316282749176,-1.0,-0.6346681714057922
67,-105.0,15,-0.006734220776706934,0.039457760751247406,-0.09809423983097076,0.04474212974309921,0.003730036085471511,0.005029028281569481,0.00044614681974053383,0.01809707283973694,0.0034928321838378906,0.07038780301809311,0.0863010585308075,-0.19024759531021118,0.1455312967300415,0.0034928321838378906,0.07038780301809311,0.0863010585308075,-0.19024759531021118,0.1455312967300415,0.4688888490200043,0.17050844430923462,-0.7112517952919006,-0.8149433732032776,-0.6594406366348267,-0.6574833989143372,-0.8110323548316956,0.0,-0.7077589631080627,-1.0,-0.6325054168701172
68,-126.0,12,-0.0703095942735672,0.12944138050079346,-0.3766837418079376,0.026538865640759468,0.0037694138009101152,0.005523012951016426,0.00029659157735295594,0.020182061940431595,-0.016996731981635094,0.06968790292739868,0.08514656871557236,-0.20090824365615845,0.1303531527519226,-0.016996731981635094,0.06968790292739868,0.08514656871557236,-0.20090824365615845,0.1303531527519226,0.30247077345848083,0.16040964424610138,-0.7568986415863037,-0.8133841156959534,-0.6655359268188477,-0.689582884311676,-0.8118452429771423,0.0,-0.7738955020904541,-1.0,-0.6815974712371826
69,-130.0,15,-0.018974725157022476,0.07570205628871918,-0.2809063792228699,0.09647148102521896,0.0023615448735654354,0.0036488117184489965,1.8173761418438517e-05,0.013854571618139744,-0.01081667747348547,0.05335678160190582,0.067868173122406,-0.16646063327789307,0.08710247278213501,-0.01081667747348547,0.05335678160190582,0.067868173122406,-0.16646063327789307,0.08710247278213501,0.3813539445400238,0.1719563901424408,-0.7333522439002991,-0.8335393667221069,-0.6923818588256836,-0.6778373122215271,-0.8328601121902466,0.0,-0.7441688776016235,-1.0,-0.6600776314735413
70,-102.0,12,-0.032495465129613876,0.07895511388778687,-0.2515663802623749,0.02400556392967701,0.002573586069047451,0.0036669510882347822,0.00022329566127154976,0.012218889780342579,0.0053366124629974365,0.05785103514790535,0.07154503464698792,-0.15632587671279907,0.12485408782958984,0.0053366124629974365,0.05785103514790535,0.07154503464698792,-0.15632587671279907,0.12485408782958984,0.23553256690502167,0.1500408947467804,-0.7814168930053711,-0.8436741232872009,-0.7000083923339844,-0.7124540209770203,-0.8431044816970825,0.0,-0.7760803699493408,-1.0,-0.7001866102218628
71,-96.0,20,-0.00031800009310245514,0.0432414785027504,-0.13998623192310333,0.1021013930439949,0.003931335173547268,0.005092257633805275,0.00043495820136740804,0.018530843779444695,0.013926193118095398,0.0727020725607872,0.08757129311561584,-0.1744546890258789,0.19251412153244019,0.013926193118095398,0.0727020725607872,0.08757129311561584,-0.1744546890258789,0.19251412153244019,0.43709737062454224,0.18037162721157074,-0.748252272605896,-0.8483593463897705,-0.6788653135299683,-0.7075525522232056,-0.8435288071632385,0.0,-0.7343260049819946,-1.0,-0.6487125754356384
72,-104.0,22,-0.01755651645362377,0.07639537751674652,-0.3604205846786499,0.03268316760659218,0.0037986005190759897,0.005885044112801552,0.00030726290424354374,0.02189907431602478,0.009476455859839916,0.06785207241773605,0.08664524555206299,-0.2092800736427307,0.1830533742904663,0.009476455859839916,0.06785207241773605,0.08664524555206299,-0.2092800736427307,0.1830533742904663,0.33207544684410095,0.16028574109077454,-0.7158200144767761,-0.8267505168914795,-0.6544259190559387,-0.6794544458389282,-0.8263217806816101,0.0,-0.7063435912132263,-1.0,-0.6264055967330933
73,-121.0,21,-0.007087552919983864,0.02975061908364296,-0.11420519649982452,0.054853349924087524,0.00219156825914979,0.004636911675333977,3.297301009297371e-05,0.021853618323802948,-0.0018810430774465203,0.05056336522102356,0.06617853045463562,-0.20906275510787964,0.11017519235610962,-0.0018810430774465203,0.05056336522102356,0.06617853045463562,-0.20906275510787964,0.11017519235610962,0.35864579677581787,0.176566019654274,-0.7041122317314148,-0.7975366711616516,-0.6667019724845886,-0.6684269905090332,-0.7968454360961914,0.0,-0.7059931755065918,-1.0,-0.6400036811828613
74,-102.0,9,-0.008142706006765366,0.041236452758312225,-0.1014523133635521,0.05866721644997597,0.004472906235605478,0.0065038371831178665,0.00044658672413788736,0.021463904529809952,-0.007645216304808855,0.07537782937288284,0.09427281469106674,-0.20719027519226074,0.12826615571975708,-0.007645216304808855,0.07537782937288284,0.09427281469106674,-0.20719027519226074,0.12826615571975708,0.3194099962711334,0.18599893152713776,-0.6981863379478455,-0.7928910851478577,-0.6599990129470825,-0.6108229160308838,-0.7925181984901428,0.0,-0.7058315873146057,-1.0,-0.6292399168014526
75,-105.0,36,-0.02939189225435257,0.1293259859085083,-0.6434993147850037,0.06240163370966911,0.002941364189609885,0.005920368246734142,1.1833309372377698e-06,0.029631394892930984,0.011783318594098091,0.05686519667506218,0.07578840851783752,-0.24343949556350708,0.13929903507232666,0.011783318594098091,0.05686519667506218,0.07578840851783752,-0.24343949556350708,0.13929903507232666,0.3643723428249359,0.1536726951599121,-0.6954400539398193,-0.7953014969825745,-0.6274205446243286,-0.6747319102287292,-0.7904163599014282,0.0,-0.683656632900238,-1.0,-0.602091372013092
76,-98.0,23,-0.007490552496165037,0.060254380106925964,-0.26845797896385193,0.0999283567070961,0.0028867018409073353,0.00618542218580842,0.00012803103891201317,0.03004583530128002,0.0070096878334879875,0.05693887174129486,0.0756588950753212,-0.24513602256774902,0.1403193473815918,0.0070096878334879875,0.05693887174129486,0.0756588950753212,-0.24513602256774902,0.1403193473815918,0.2588457465171814,0.12482313811779022,-0.6760930418968201,-0.7681888341903687,-0.6414475440979004,-0.6458502411842346,-0.7675920128822327,0.0,-0.6690834760665894,-1.0,-0.5925444960594177
77,-111.0,21,-0.032193850725889206,0.10312745720148087,-0.36424094438552856,0.07298381626605988,0.004645299166440964,0.007516474928706884,0.000397731811972335,0.03482477739453316,0.0016892751445993781,0.07754449546337128,0.09637295454740524,-0.26391202211380005,0.15179914236068726,0.0016892751445993781,0.07754449546337128,0.09637295454740524,-0.26391202211380005,0.15179914236068726,0.3020550310611725,0.1614985167980194,-0.6681544184684753,-0.7594438791275024,-0.6055074334144592,-0.6325855851173401,-0.7594155073165894,0.0,-0.6664652228355408,-1.0,-0.578595757484436
78,-115.0,17,-0.009731784462928772,0.041000232100486755,-0.1527051478624344,0.04635831341147423,0.0031767163891345263,0.007319489028304815,0.00021272595040500164,0.03207552433013916,-0.008383568376302719,0.05982185900211334,0.07926630973815918,-0.2532805800437927,0.07962781190872192,-0.008383568376302719,0.05982185900211334,0.07926630973815918,-0.2532805800437927,0.07962781190872192,0.35115766525268555,0.21677452325820923,-0.6524603962898254,-0.7467194199562073,-0.6251033544540405,-0.6115431785583496,-0.746501624584198,0.0,-0.6608439087867737,-1.0,-0.5826385021209717
79,-90.0,36,-0.0020315481815487146,0.02883020229637623,-0.14742879569530487,0.052174970507621765,0.003134753555059433,0.007094772532582283,8.054840873228386e-05,0.040265437215566635,0.013040769845247269,0.057472653687000275,0.07809894531965256,-0.2837796211242676,0.1626536250114441,0.013040769845247269,0.057472653687000275,0.07809894531965256,-0.2837796211242676,0.1626536250114441,0.2627686858177185,0.1603088527917862,-0.6536766886711121,-0.7638864517211914,-0.6072602272033691,-0.6346762180328369,-0.7632281184196472,0.0,-0.6406360268592834,-1.0,-0.576912522315979
80,-100.0,11,-0.010712540708482265,0.03949284926056862,-0.12488850951194763,0.03430631011724472,0.005263403058052063,0.011269654147326946,0.0003857382689602673,0.04007694125175476,-0.009250077418982983,0.07055633515119553,0.10218239575624466,-0.28311461210250854,0.13155442476272583,-0.009250077418982983,0.07055633515119553,0.10218239575624466,-0.28311461210250854,0.13155442476272583,0.28996893763542175,0.20038162171840668,-0.6310966610908508,-0.718254804611206,-0.6002320051193237,-0.5664305090904236,-0.7168901562690735,0.0,-0.6403467059135437,-1.0,-0.5692548751831055
81,-100.0,33,-0.023970022797584534,0.11839523911476135,-0.6870602965354919,0.0255134217441082,0.0033856364898383617,0.00863867998123169,2.721688588280813e-06,0.0491187758743763,0.008862833492457867,0.057453054934740067,0.08180906623601913,-0.31342869997024536,0.14985215663909912,0.008862833492457867,0.057453054934740067,0.08180906623601913,-0.31342869997024536,0.14985215663909912,0.2781468629837036,0.17120222747325897,-0.6318209767341614,-0.7286025285720825,-0.5691735148429871,-0.6109846234321594,-0.728149950504303,0.0,-0.6229581236839294,-1.0,-0.5460666418075562
82,-97.0,28,-0.014652101323008537,0.06457888334989548,-0.30560868978500366,0.0498960055410862,0.0028257109224796295,0.00916692242026329,1.4136320558577609e-08,0.04980112612247467,0.003482339670881629,0.049070145934820175,0.07509524375200272,-0.3155982494354248,0.1222112774848938,0.003482339670881629,0.049070145934820175,0.07509524375200272,-0.3155982494354248,0.1222112774848938,0.34112510085105896,0.1713678538799286,-0.6076120138168335,-0.6985400915145874,-0.5636385679244995,-0.5870996713638306,-0.6970223188400269,0.0,-0.6041296124458313,-1.0,-0.5371651649475098
83,-104.0,10,-0.020992862060666084,0.05378624051809311,-0.1802978813648224,0.0018197947647422552,0.005415996536612511,0.012461856938898563,0.00037861618329770863,0.04256317391991615,-0.025388021022081375,0.06873679906129837,0.10093285888433456,-0.29176419973373413,0.05118817090988159,-0.025388021022081375,0.06873679906129837,0.10093285888433456,-0.29176419973373413,0.05118817090988159,0.21992719173431396,0.1550459861755371,-0.6015869379043579,-0.7082358002662659,-0.5830541253089905,-0.5391494035720825,-0.7065946459770203,0.0,-0.6269749402999878,-1.0,-0.5564119219779968
84,-108.0,21,-0.02128027006983757,0.06994982063770294,-0.22381851077079773,0.051317960023880005,0.0036807393189519644,0.008029190823435783,3.7780839193146676e-05,0.03776155039668083,-0.00021667139662895352,0.06292925775051117,0.08579878509044647,-0.2748146653175354,0.14739173650741577,-0.00021667139662895352,0.06292925775051117,0.08579878509044647,-0.2748146653175354,0.14739173650741577,0.31525400280952454,0.1781482845544815,-0.6125277280807495,-0.7251853346824646,-0.5779753923416138,-0.5786761045455933,-0.7251871228218079,0.0,-0.6127444505691528,-1.0,-0.5320751070976257
85,-94.0,21,-0.004099000245332718,0.014023584313690662,-0.044035352766513824,0.012134943157434464,0.004383762367069721,0.00905613787472248,2.466659225319745e-06,0.04065221548080444,0.005905872210860252,0.06496493518352509,0.09344862401485443,-0.2851393222808838,0.18293482065200806,0.005905872210860252,0.06496493518352509,0.09344862401485443,-0.2851393222808838,0.18293482065200806,0.28861841559410095,0.16212709248065948,-0.6065129637718201,-0.7284098863601685,-0.53717440366745,-0.5730363130569458,-0.7156989574432373,0.0,-0.6006070375442505,-1.0,-0.513592004776001
86,-126.0,10,0.0038078087382018566,0.04630551114678383,-0.02622183784842491,0.1385791301727295,0.0048495023511350155,0.0107069481164217,0.00039895824738778174,0.03681942820549011,-0.03578713536262512,0.06941261887550354,0.09175121784210205,-0.27136480808258057,0.05508321523666382,-0.03578713536262512,0.06941261887550354,0.09175121784210205,-0.27136480808258057,0.05508321523666382,0.2669772803783417,0.2250608205795288,-0.6259480714797974,-0.7286351919174194,-0.5841264128684998,-0.5523043274879456,-0.727606475353241,0.0,-0.6617352962493896,-1.0,-0.580000102519989
87,-114.0,25,-0.0313294380903244,0.08885708451271057,-0.3086875081062317,0.06078561395406723,0.0032603726722300053,0.007080461364239454,7.467179239029065e-05,0.03506648540496826,0.0013532590819522738,0.05869120731949806,0.08073978871107101,-0.26482629776000977,0.15150302648544312,0.0013532590819522738,0.05869120731949806,0.08073978871107101,-0.26482629776000977,0.15150302648544312,0.256017804145813,0.1532837152481079,-0.6279276013374329,-0.7424047589302063,-0.5946023464202881,-0.5989425778388977,-0.7419986724853516,0.0,-0.6265743374824524,-1.0,-0.5390855073928833
88,-72.0,54,-0.007647602818906307,0.0643923282623291,-0.35194551944732666,0.10379907488822937,0.0026359676849097013,0.0066422452218830585,8.450479640487174e-07,0.04540400579571724,0.014517271891236305,0.05170396342873573,0.07114199548959732,-0.3013436794281006,0.16883307695388794,0.014517271891236305,0.05170396342873573,0.07114199548959732,-0.3013436794281006,0.16883307695388794,0.22432638704776764,0.1617538034915924,-0.6192371249198914,-0.7603262066841125,-0.5422295331954956,-0.6096767783164978,-0.7599145174026489,0.0,-0.6047198176383972,-1.0,-0.4985569417476654
89,-60.0,56,-0.0037995136808604,0.035462912172079086,-0.2531331181526184,0.05711442232131958,0.00339183839969337,0.011243668384850025,1.0744557812358835e-06,0.08291073888540268,0.017126409336924553,0.05437219887971878,0.08056279271841049,-0.4072118401527405,0.17752820253372192,0.017126409336924553,0.05437219887971878,0.08056279271841049,-0.4072118401527405,0.17752820253372192,0.19839607179164886,0.12506768107414246,-0.5711344480514526,-0.7041996121406555,-0.48753294348716736,-0.5600966215133667,-0.7040978074073792,0.0,-0.5540080070495605,-1.0,-0.4564061760902405
90,-100.0,27,-0.020600486546754837,0.09762076288461685,-0.5113634467124939,0.06286004185676575,0.004644927568733692,0.015502817928791046,1.527413769508712e-05,0.08073022961616516,-0.0024219772312790155,0.05432380735874176,0.09635346382856369,-0.40182143449783325,0.1417948305606842,-0.0024219772312790155,0.05432380735874176,0.09635346382856369,-0.40182143449783325,0.1417948305606842,0.25696685910224915,0.17524567246437073,-0.47587597370147705,-0.5981785655021667,-0.4207826852798462,-0.4549081325531006,-0.5984322428703308,0.0,-0.47829797863960266,-1.0,-0.39456164836883545
91,-115.0,11,-0.014575567096471786,0.022060101851820946,-0.06530918926000595,0.006154066417366266,0.008703991770744324,0.02030414529144764,0.00033226789673790336,0.07214764505624771,-0.0350840725004673,0.08557803183794022,0.12718918919563293,-0.3798621892929077,0.14856141805648804,-0.0350840725004673,0.08557803183794022,0.12718918919563293,-0.3798621892929077,0.14856141805648804,0.2523402273654938,0.2695205509662628,-0.5273935198783875,-0.6201378107070923,-0.46925270557403564,-0.47209492325782776,-0.6190110445022583,0.0,-0.5624775290489197,-1.0,-0.45423436164855957
92,-86.0,28,-0.013913898728787899,0.06742950528860092,-0.36336177587509155,0.006548896431922913,0.004610132426023483,0.01311264093965292,5.420477464213036e-06,0.07035694271326065,0.003298120805993676,0.061141371726989746,0.09596555680036545,-0.3751184940338135,0.1522344946861267,0.003298120805993676,0.061141371726989746,0.09596555680036545,-0.3751184940338135,0.1522344946861267,0.12587176263332367,0.054441459476947784,-0.5442405939102173,-0.649753749370575,-0.5181131958961487,-0.5260084271430969,-0.6491190195083618,0.0,-0.5409424304962158,-1.0,-0.4939509630203247
93,-84.0,39,-0.0002906651934608817,0.01812489703297615,-0.03818807378411293,0.09775859117507935,0.004381075501441956,0.014062903821468353,3.80192905140575e-05,0.08894389867782593,0.008736509829759598,0.060989417135715485,0.0931977704167366,-0.4217674732208252,0.14480626583099365,0.008736509829759598,0.060989417135715485,0.0931977704167366,-0.4217674732208252,0.14480626583099365,0.1855393350124359,0.16683043539524078,-0.5225699543952942,-0.6374133229255676,-0.4379229247570038,-0.5075205564498901,-0.6362507939338684,0.0,-0.5138333439826965,-1.0,-0.3880862295627594
94,-117.0,23,-0.011207077652215958,0.06303057819604874,-0.26852020621299744,0.09431430697441101,0.005267324857413769,0.016147080808877945,7.124233525246382e-05,0.08037161827087402,-0.009722341783344746,0.0667807087302208,0.10217692703008652,-0.40092796087265015,0.11997479200363159,-0.009722341783344746,0.0667807087302208,0.10217692703008652,-0.40092796087265015,0.11997479200363159,0.2697969377040863,0.2453421801328659,-0.5296438932418823,-0.602843165397644,-0.4418320655822754,-0.5036047697067261,-0.6019445657730103,0.0,-0.5393662452697754,-1.0,-0.38787251710891724
95,-100.0,11,-0.03070557862520218,0.11451305449008942,-0.3858570158481598,0.07168827205896378,0.009463418275117874,0.020212629809975624,0.0002822303504217416,0.07249871641397476,-0.022727621719241142,0.09366664290428162,0.135684534907341,-0.3807852864265442,0.10887724161148071,-0.022727621719241142,0.09366664290428162,0.135684534907341,-0.3807852864265442,0.10887724161148071,0.19416098296642303,0.18209734559059143,-0.5027371048927307,-0.6192147135734558,-0.4585268497467041,-0.44799548387527466,-0.6179651021957397,0.0,-0.5254647135734558,-1.0,-0.4041379392147064
96,-111.0,16,-0.033466488122940063,0.1264224648475647,-0.5097545385360718,0.09046854823827744,0.007119785062968731,0.015342621132731438,0.000327128276694566,0.06479397416114807,-0.014852933585643768,0.08543737232685089,0.11840169131755829,-0.35998326539993286,0.16267964243888855,-0.014852933585643768,0.08543737232685089,0.11840169131755829,-0.35998326539993286,0.16267964243888855,0.21987392008304596,0.230487659573555,-0.5511183738708496,-0.6419379711151123,-0.5034126043319702,-0.5119549036026001,-0.6400894522666931,0.0,-0.565971314907074,-1.0,-0.4685118496417999
97,-91.0,26,-0.00034008361399173737,0.023727508261799812,-0.04543093964457512,0.06524142622947693,0.004799967631697655,0.012586256489157677,0.0003073552798014134,0.06562431156635284,0.005008876323699951,0.06835724413394928,0.09785114228725433,-0.36228251457214355,0.16259765625,0.005008876323699951,0.06835724413394928,0.09785114228725433,-0.36228251457214355,0.16259765625,0.2530650496482849,0.2453579306602478,-0.5486562252044678,-0.6580376029014587,-0.49311304092407227,-0.5243787169456482,-0.6571511626243591,0.0,-0.5436473488807678,-1.0,-0.43749719858169556
98,-94.0,30,-0.030730314552783966,0.10672885924577713,-0.3592332899570465,0.048960909247398376,0.004310506395995617,0.0119816018268466,3.695075793075375e-05,0.06620696187019348,8.941093983594328e-05,0.062200069427490234,0.09284936636686325,-0.3638872504234314,0.171534925699234,8.941093983594328e-05,0.062200069427490234,0.09284936636686325,-0.3638872504234314,0.171534925699234,0.18926429748535156,0.2012627273797989,-0.5366222858428955,-0.6646743416786194,-0.477003276348114,-0.5208243131637573,-0.663440465927124,0.0,-0.536532998085022,-1.0,-0.42822960019111633
99,-84.0,39,-0.006557091139256954,0.12084030359983444,-0.6240142583847046,0.4212176501750946,0.0037048442754894495,0.011850523762404919,2.6430194338900037e-05,0.07080689072608948,0.004425679799169302,0.05148910731077194,0.08596570789813995,-0.3763160705566406,0.18774071335792542,0.004425679799169302,0.05148910731077194,0.08596570789813995,-0.3763160705566406,0.18774071335792542,0.2060871571302414,0.1767212599515915,-0.49542656540870667,-0.658176600933075,-0.4124704599380493,-0.4839818775653839,-0.6558456420898438,0.0,-0.4910009801387787,-1.0,-0.3928133547306061
100,-97.0,22,-0.021823789924383163,0.08469344675540924,-0.39034754037857056,0.05067469924688339,0.0053483773954212666,0.014574889093637466,1.6881816918612458e-05,0.06959252804517746,-0.003025262150913477,0.06360562890768051,0.10338086634874344,-0.37307512760162354,0.18066954612731934,-0.003025262150913477,0.06360562890768051,0.10338086634874344,-0.37307512760162354,0.18066954612731934,0.1939200460910797,0.16943877935409546,-0.4709996283054352,-0.627899169921875,-0.4117595851421356,-0.44323089718818665,-0.6266927123069763,0.0,-0.47402486205101013,-1.0,-0.3722269535064697
101,-67.0,54,-0.015938719734549522,0.10530941188335419,-0.7727218270301819,0.06177673488855362,0.003876020200550556,0.013926468789577484,7.699754860368557e-06,0.1011543944478035,0.01281487476080656,0.05396002158522606,0.08710809051990509,-0.4497874975204468,0.19263646006584167,0.01281487476080656,0.05396002158522606,0.08710809051990509,-0.4497874975204468,0.19263646006584167,0.19589203596115112,0.21065311133861542,-0.5015337467193604,-0.6458300948143005,-0.3755105435848236,-0.49104270339012146,-0.6445131897926331,0.0,-0.4887189269065857,-1.0,-0.3413720428943634
102,-95.0,34,-0.023092150688171387,0.12184668332338333,-0.7140066027641296,0.05637253075838089,0.005477780010551214,0.01662229746580124,1.2901154150313232e-05,0.09573040157556534,-0.00438424339517951,0.0625806525349617,0.1045769453048706,-0.43756234645843506,0.1728883981704712,-0.00438424339517951,0.0625806525349617,0.1045769453048706,-0.43756234645843506,0.1728883981704712,0.21279799938201904,0.2241448163986206,-0.44563359022140503,-0.5864450335502625,-0.36002317070961,-0.4351305365562439,-0.5853370428085327,0.0,-0.4500178098678589,-1.0,-0.32596349716186523
103,-55.0,49,-0.0009804831352084875,0.008620562963187695,-0.03563486039638519,0.040814053267240524,0.0058335065841674805,0.03344960883259773,1.8024937162408605e-05,0.23663195967674255,0.009947221726179123,0.04474402591586113,0.10755494982004166,-0.6879417896270752,0.18051612377166748,0.009947221726179123,0.04474402591586113,0.10755494982004166,-0.6879417896270752,0.18051612377166748,0.13565456867218018,0.14326554536819458,-0.39879110455513,-0.5855243802070618,-0.30681681632995605,-0.3892982602119446,-0.5832905173301697,0.0,-0.388843834400177,-1.0,-0.2912546396255493
104,-80.0,37,-0.00031987641705200076,0.022282373160123825,-0.040654223412275314,0.10181962698698044,0.004937727469950914,0.02010110393166542,4.803944466402754e-05,0.12424618750810623,-0.001225476386025548,0.0551658496260643,0.09936776757240295,-0.4984900951385498,0.17083895206451416,-0.001225476386025548,0.0551658496260643,0.09936776757240295,-0.4984900951385498,0.17083895206451416,0.2010146677494049,0.21619035303592682,-0.4062268137931824,-0.550798773765564,-0.3190574049949646,-0.39776355028152466,-0.5498398542404175,0.0,-0.4074522852897644,-1.0,-0.29442098736763
105,-91.0,23,-0.03303114324808121,0.14740675687789917,-0.7241409420967102,0.000403530546464026,0.006180299445986748,0.021430814638733864,5.645137935061939e-05,0.10403309017419815,-0.015211561694741249,0.05548698082566261,0.11013267934322357,-0.45614272356033325,0.07459449768066406,-0.015211561694741249,0.05548698082566261,0.11013267934322357,-0.45614272356033325,0.07459449768066406,0.11775024235248566,0.0553978830575943,-0.34311965107917786,-0.5438572764396667,-0.2863597571849823,-0.3286246955394745,-0.542918860912323,0.0,-0.35833117365837097,-1.0,-0.2703687846660614
106,-75.0,39,-0.0323227234184742,0.15234483778476715,-0.8241831660270691,0.05112740024924278,0.006012143101543188,0.01890142634510994,0.0001347867801086977,0.1138620674610138,0.005049499217420816,0.06353355944156647,0.1095389872789383,-0.47720450162887573,0.25709372758865356,0.005049499217420816,0.06353355944156647,0.1095389872789383,-0.47720450162887573,0.25709372758865356,0.15467475354671478,0.18382419645786285,-0.37493467330932617,-0.5650057196617126,-0.29250964522361755,-0.3614993095397949,-0.5650057196617126,0.0,-0.369885116815567,-1.0,-0.25292354822158813
107,-94.0,21,-0.004485279321670532,0.013995098881423473,-0.052465490996837616,0.00942021980881691,0.007747640833258629,0.023820549249649048,2.0196721379761584e-05,0.10860514640808105,-0.008429329842329025,0.06673204153776169,0.12419432401657104,-0.46605825424194336,0.2699650526046753,-0.008429329842329025,0.06673204153776169,0.12419432401657104,-0.46605825424194336,0.2699650526046753,0.15073248744010925,0.21796861290931702,-0.4127282500267029,-0.5463379621505737,-0.2944931089878082,-0.3880368173122406,-0.5440436005592346,0.0,-0.4211575984954834,-1.0,-0.2647993862628937
108,-100.0,11,-0.07219833880662918,0.2284552901983261,-0.7943903803825378,0.01090305671095848,0.014485410414636135,0.028826095163822174,0.00013108205166645348,0.09976457804441452,-0.029798172414302826,0.10583477467298508,0.1675795018672943,-0.44668686389923096,0.25895482301712036,-0.029798172414302826,0.10583477467298508,0.1675795018672943,-0.44668686389923096,0.25895482301712036,0.1258198618888855,0.18114329874515533,-0.4264433979988098,-0.553313136100769,-0.3065602481365204,-0.37663137912750244,-0.5520005822181702,0.0,-0.45624157786369324,-1.0,-0.2736341953277588
109,-99.0,16,-0.09699709713459015,0.35948511958122253,-1.4885388612747192,0.006716602481901646,0.008493585512042046,0.022289518266916275,1.1826891750388313e-06,0.08834704011678696,-0.013934530317783356,0.07126450538635254,0.1295878142118454,-0.42034995555877686,0.2659865915775299,-0.013934530317783356,0.07126450538635254,0.1295878142118454,-0.42034995555877686,0.2659865915775299,0.17743635177612305,0.24608606100082397,-0.43969035148620605,-0.5796500444412231,-0.32049357891082764,-0.40386584401130676,-0.5786492824554443,0.0,-0.4536248743534088,-1.0,-0.29977598786354065
110,-102.0,12,-0.06752572953701019,0.22049672901630402,-0.7987870573997498,-9.57628435571678e-05,0.008389015682041645,0.0198066346347332,0.00022663151321467012,0.07214643806219101,-0.03876696527004242,0.07717777788639069,0.12359268963336945,-0.3798590302467346,0.03730455040931702,-0.03876696527004242,0.07717777788639069,0.12359268963336945,-0.3798590302467346,0.03730455040931702,0.044994670897722244,0.027928339317440987,-0.4331676661968231,-0.6201409697532654,-0.37633365392684937,-0.3989016115665436,-0.617861807346344,0.0,-0.47193464636802673,-1.0,-0.3550436794757843
111,-77.0,46,-0.003168351948261261,0.011182950809597969,-0.05900285765528679,0.004893072880804539,0.0032649836502969265,0.012611860409379005,4.514021156865056e-08,0.07715684175491333,0.007850326597690582,0.04342899098992348,0.08042599260807037,-0.3928278088569641,0.28911611437797546,0.007850326597690582,0.04342899098992348,0.08042599260807037,-0.3928278088569641,0.28911611437797546,0.09472566097974777,0.18232496082782745,-0.4260551333427429,-0.632234513759613,-0.3439555764198303,-0.4138820469379425,-0.6266161203384399,0.0,-0.41820472478866577,-1.0,-0.3269054889678955
112,-93.0,22,-0.0016101888613775373,0.01230792235583067,-0.04307258501648903,0.03357379510998726,0.006391205359250307,0.01668095961213112,2.9723734769504517e-05,0.0749414935708046,-0.0015777606749907136,0.06847253441810608,0.11304831504821777,-0.3871472477912903,0.26531681418418884,-0.0015777606749907136,0.06847253441810608,0.11304831504821777,-0.3871472477912903,0.26531681418418884,0.1291714757680893,0.2227652668952942,-0.48139217495918274,-0.6250579953193665,-0.34839746356010437,-0.4543269872665405,-0.6233935356140137,0.0,-0.4829699397087097,-1.0,-0.3031854033470154
113,-83.0,37,-0.00616157241165638,0.03189779072999954,-0.17541205883026123,0.03683842718601227,0.0060415854677557945,0.015613854862749577,2.3038575818645768e-05,0.08451484888792038,0.007022980134934187,0.0692516565322876,0.10969890654087067,-0.41113221645355225,0.2838050127029419,0.007022980134934187,0.0692516565322876,0.10969890654087067,-0.41113221645355225,0.2838050127029419,0.1347770243883133,0.21616406738758087,-0.47182169556617737,-0.6247295141220093,-0.34420767426490784,-0.4560477137565613,-0.6244252324104309,0.0,-0.4647987484931946,-1.0,-0.30566689372062683
114,110.0,108,-1.7833189076554845e-06,0.012980669736862183,-0.06759148836135864,0.04311906546354294,0.009485782124102116,0.05283843353390694,8.490044933751051e-07,0.5151577591896057,0.0255122072994709,0.06433690339326859,0.1353539526462555,-0.6333029270172119,1.0150445699691772,0.0255122072994709,0.06433690339326859,0.1353539526462555,-0.6333029270172119,1.0150445699691772,0.14684422314167023,0.214996337890625,-0.3932513892650604,-0.603439211845398,-0.20385372638702393,-0.38951733708381653,-0.6028176546096802,0.0,-0.3677392601966858,-1.0,0.5135582089424133
115,-61.0,47,-0.008654297329485416,0.05528600886464119,-0.38295942544937134,0.01232838910073042,0.005890888627618551,0.029937736690044403,6.0812158153567e-06,0.2071651816368103,0.0016041232738643885,0.050078134983778,0.10853204131126404,-0.643684983253479,0.22567607462406158,0.0016041232738643885,0.050078134983778,0.10853204131126404,-0.643684983253479,0.22567607462406158,0.07974443584680557,0.12128721177577972,-0.3026523292064667,-0.400156170129776,-0.17105457186698914,-0.29697883129119873,-0.3997059166431427,0.0,-0.301048219203949,-1.0,-0.15713511407375336
116,-101.0,22,-0.01037196721881628,0.023362591862678528,-0.07513350993394852,0.003017086535692215,0.010928833857178688,0.041253652423620224,4.389132300275378e-05,0.19857032597064972,-0.021768080070614815,0.06876916438341141,0.14623208343982697,-0.6301909685134888,0.22063951194286346,-0.021768080070614815,0.06876916438341141,0.14623208343982697,-0.6301909685134888,0.22063951194286346,0.15263088047504425,0.2347993552684784,-0.26824700832366943,-0.3740285634994507,-0.16825638711452484,-0.2516556680202484,-0.3722792863845825,0.0,-0.2900150418281555,-1.0,-0.15338905155658722
117,-60.0,64,0.0018207551911473274,0.03809715062379837,-0.07824622094631195,0.281686007976532,0.004755922593176365,0.026808660477399826,9.929687621479388e-06,0.21595269441604614,0.003183571621775627,0.04736056923866272,0.09747672080993652,-0.6571950912475586,0.1938316375017166,0.003183571621775627,0.04736056923866272,0.09747672080993652,-0.6571950912475586,0.1938316375017166,0.1190527006983757,0.18061463534832,-0.2870851755142212,-0.401561439037323,-0.19279569387435913,-0.283017098903656,-0.4007263779640198,0.0,-0.2839016020298004,-1.0,-0.17613032460212708
118,57.0,73,-0.011439545080065727,0.1051274910569191,-0.727362334728241,0.36431631445884705,0.011479821056127548,0.06387738138437271,1.4651053561465233e-06,0.49374130368232727,0.017735807225108147,0.056405890733003616,0.15048283338546753,-0.7078433632850647,0.993721604347229,0.017735807225108147,0.056405890733003616,0.15048283338546753,-0.7078433632850647,0.993721604347229,0.11501193046569824,0.16531072556972504,-0.2375437617301941,-0.36888372898101807,-0.13937312364578247,-0.23409096896648407,-0.3685653507709503,0.0,-0.21980798244476318,-1.0,0.8529261946678162
119,123.0,124,-0.0003177207545377314,0.024125074967741966,-0.09129384160041809,0.24021978676319122,0.0089635094627738,0.0578530952334404,3.1398382560610116e-08,0.5236316323280334,0.014303499832749367,0.04723251983523369,0.13312563300132751,-0.8747992515563965,1.0233588218688965,0.014303499832749367,0.04723251983523369,0.13312563300132751,-0.8747992515563965,1.0233588218688965,0.09936948120594025,0.15920044481754303,-0.10994113981723785,-0.31635114550590515,0.016774341464042664,-0.1087384819984436,-0.31636589765548706,0.015414340421557426,-0.09563762694597244,-1.0,0.7860679030418396
120,112.0,121,-0.004533873870968819,0.021940145641565323,-0.14895287156105042,0.026571881026029587,0.010287708602845669,0.07345343381166458,4.4342332583546806e-10,0.6680281758308411,0.010433272458612919,0.04361041262745857,0.14306139945983887,-0.9669913053512573,1.155879020690918,0.010433272458612919,0.04361041262745857,0.14306139945983887,-0.9669913053512573,1.155879020690918,0.12632347643375397,0.18121646344661713,-0.03700140491127968,-0.15952791273593903,0.08481739461421967,-0.03684709593653679,-0.15890838205814362,0.08481739461421967,-0.026568129658699036,-1.0,1.0337656736373901
121,-116.0,10,-0.03569737821817398,0.050571225583553314,-0.13228276371955872,0.0010996311902999878,0.044700030237436295,0.1287786066532135,4.6407552872551605e-05,0.4310017228126526,-0.10845492780208588,0.1357126533985138,0.2786352038383484,-0.9284414052963257,0.09696847200393677,-0.10845492780208588,0.1357126533985138,0.2786352038383484,-0.9284414052963257,0.09696847200393677,0.20737609267234802,0.24479274451732635,0.005776693113148212,-0.0715586245059967,0.05569762364029884,0.01373378001153469,-0.06875783950090408,0.059575945138931274,-0.10267822444438934,-1.0,0.0577886700630188
122,279.0,174,-0.0026141179259866476,0.01958252489566803,-0.16643452644348145,0.0285592433065176,0.010472372174263,0.07193958014249802,3.867438067572948e-07,0.5827060341835022,0.013623995706439018,0.04480097070336342,0.1440802961587906,-1.0707159042358398,1.0795425176620483,0.013623995706439018,0.04480097070336342,0.1440802961587906,-1.0707159042358398,1.0795425176620483,0.11489298939704895,0.13636958599090576,0.05464007332921028,-0.12518002092838287,0.18313094973564148,0.05396343767642975,-0.12483512610197067,0.18243756890296936,0.06826408207416534,-1.0,1.0843435525894165
123,-46.0,58,-0.008961554616689682,0.049243055284023285,-0.3595503866672516,0.014103567227721214,0.0100758858025074,0.07131604850292206,4.879078474573362e-08,0.548403263092041,-0.012387258931994438,0.04001332446932793,0.14141544699668884,-1.0472853183746338,0.10887570679187775,-0.012387258931994438,0.04001332446932793,0.14141544699668884,-1.0472853183746338,0.10887570679187775,0.1273118406534195,0.13458754122257233,0.09981217980384827,0.022972356528043747,0.1585211455821991,0.0983050987124443,0.0,0.15757477283477783,0.08742491155862808,-1.0,0.19116997718811035
124,-44.0,48,-0.004032767377793789,0.019900640472769737,-0.13575422763824463,0.0038238530978560448,0.01194240152835846,0.07669228315353394,1.2684168950727326e-06,0.5374993681907654,-0.012742801569402218,0.04322826862335205,0.15402086079120636,-1.0368214845657349,0.13939233124256134,-0.012742801569402218,0.04322826862335205,0.15402086079120636,-1.0368214845657349,0.13939233124256134,0.13127832114696503,0.14430615305900574,0.08523720502853394,0.010605362243950367,0.15766271948814392,0.08418665081262589,0.0,0.1565614640712738,0.07249439507722855,-1.0,0.1795397698879242
125,-59.0,40,-0.011702203191816807,0.06301114708185196,-0.4034823775291443,0.004313579294830561,0.013596939854323864,0.07971654832363129,4.120997346035438e-06,0.5111397504806519,-0.01973581686615944,0.046485334634780884,0.16372041404247284,-1.0110783576965332,0.1577816754579544,-0.01973581686615944,0.046485334634780884,0.16372041404247284,-1.0110783576965332,0.1577816754579544,0.12214086204767227,0.13213308155536652,0.07636977732181549,-0.0058813197538256645,0.15046848356723785,0.07359170913696289,-0.0044746557250618935,0.1494213491678238,0.05663396790623665,-1.0,0.158191978931427
126,224.0,133,0.006270680110901594,0.13719119131565094,-0.23108936846256256,1.5489705801010132,0.013213424943387508,0.08360308408737183,1.5097096905947183e-08,0.621228039264679,0.012806450016796589,0.043597761541604996,0.16205814480781555,-1.1133829355239868,1.1146551370620728,0.012806450016796589,0.043597761541604996,0.16205814480781555,-1.1133829355239868,1.1146551370620728,0.13063740730285645,0.12772448360919952,0.10003431141376495,-0.015018394216895103,0.2342592477798462,0.09904520213603973,-0.013009208254516125,0.2223275750875473,0.11284077167510986,-1.0,1.1297129392623901
127,-65.0,58,-0.020780885592103004,0.07589788734912872,-0.46313008666038513,0.005598496645689011,0.011528481729328632,0.07779338210821152,9.439875547911925e-09,0.5983709096908569,-0.016697904095053673,0.04688242822885513,0.15092429518699646,-1.0939569473266602,0.18424716591835022,-0.016697904095053673,0.04688242822885513,0.15092429518699646,-1.0939569473266602,0.18424716591835022,0.12570606172084808,0.13539987802505493,0.12590256333351135,0.03385144844651222,0.25551262497901917,0.12413562089204788,0.0,0.2557621896266937,0.10920466482639313,-1.0,0.2580893337726593
128,117.0,111,-0.0031928615644574165,0.018819302320480347,-0.14740736782550812,0.024785466492176056,0.011223694309592247,0.08008720725774765,4.3430560481283464e-07,0.681399405002594,0.004715540446341038,0.03670137748122215,0.14975030720233917,-1.1673897504806519,1.011159062385559,0.004715540446341038,0.03670137748122215,0.14975030720233917,-1.1673897504806519,1.011159062385559,0.09326212853193283,0.12017601728439331,0.13873419165611267,0.05296412110328674,0.24753399193286896,0.13711264729499817,0.0,0.2464132308959961,0.14344973862171173,-1.0,1.1010228395462036
129,-98.0,16,-0.033683598041534424,0.12159766256809235,-0.5038405656814575,-0.00019353233801666647,0.039479516446590424,0.15148316323757172,5.250599954820245e-08,0.6261534094810486,-0.07404784113168716,0.08272416144609451,0.27106449007987976,-1.1190651655197144,0.014338657259941101,-0.07404784113168716,0.08272416144609451,0.27106449007987976,-1.1190651655197144,0.014338657259941101,0.04617014899849892,0.03429650515317917,0.14697620272636414,0.11906518787145615,0.16142600774765015,0.1383282095193863,0.0,0.15908215939998627,0.07292836904525757,-1.0,0.16147275269031525
130,140.0,127,-0.0033321839291602373,0.022252654656767845,-0.19948267936706543,0.021290043368935585,0.009895645081996918,0.07576365768909454,7.710283966844145e-08,0.7028392553329468,0.004693255759775639,0.0338272787630558,0.1406032145023346,-1.1856131553649902,0.9972111582756042,0.004693255759775639,0.0338272787630558,0.1406032145023346,-1.1856131553649902,0.9972111582756042,0.08929632604122162,0.12104340642690659,0.15554869174957275,0.05860184505581856,0.2546129524707794,0.15391451120376587,0.0,0.2537047266960144,0.160241961479187,-1.0,1.0901740789413452
131,394.0,198,-0.005597797222435474,0.028668437153100967,-0.17633701860904694,0.025972647592425346,0.012551485560834408,0.08870354294776917,2.831570498074143e-07,0.893962562084198,0.011084378696978092,0.034908611327409744,0.15805096924304962,-1.3371331691741943,1.0472339391708374,0.011084378696978092,0.034908611327409744,0.15805096924304962,-1.3371331691741943,1.0472339391708374,0.10636434704065323,0.12163851410150528,0.2430395781993866,0.14066752791404724,0.3846887946128845,0.24162523448467255,0.0,0.3835195004940033,0.2541239261627197,-1.0,1.2857460975646973
132,138.0,122,-0.001962457550689578,0.013193225488066673,-0.14146167039871216,0.023526648059487343,0.012103577144443989,0.09501282125711441,8.480727231585661e-11,0.9319422245025635,-0.0011688373051583767,0.030468743294477463,0.15558208525180817,-1.365241527557373,1.0003011226654053,-0.0011688373051583767,0.030468743294477463,0.15558208525180817,-1.365241527557373,1.0003011226654053,0.08467081934213638,0.08694212138652802,0.31919988989830017,0.21927401423454285,0.414750337600708,0.3162902593612671,0.0,0.41494694352149963,0.31803107261657715,-1.0,1.3140584230422974
133,-39.0,67,-0.014991146512329578,0.08330628275871277,-0.6222873330116272,0.0006330194883048534,0.013229821808636189,0.10284076631069183,3.0740920919924974e-10,0.8485801815986633,-0.020092258229851723,0.0348673015832901,0.16141854226589203,-1.302751064300537,0.08508765697479248,-0.020092258229851723,0.0348673015832901,0.16141854226589203,-1.302751064300537,0.08508765697479248,0.09935218095779419,0.08787601441144943,0.32435673475265503,0.22261947393417358,0.3908964991569519,0.31967562437057495,0.0,0.3903988003730774,0.3042643964290619,-1.0,0.4067320227622986
134,-52.0,44,-0.02127762883901596,0.13149669766426086,-0.8833519816398621,0.00015673862071707845,0.018631791695952415,0.11876247823238373,3.8780606814725616e-07,0.7972846031188965,-0.026473170146346092,0.04376338794827461,0.19121390581130981,-1.2627625465393066,0.06172934174537659,-0.026473170146346092,0.04376338794827461,0.19121390581130981,-1.2627625465393066,0.06172934174537659,0.08884628862142563,0.11124898493289948,0.28420624136924744,0.22625310719013214,0.32828304171562195,0.27788791060447693,0.0,0.32904765009880066,0.2577330768108368,-1.0,0.33417829871177673
135,972.0,431,-0.004896317142993212,0.038762860000133514,-0.5105960369110107,0.014630555175244808,0.0095869405195117,0.07745881378650665,1.1086243034696963e-11,1.1095260381698608,0.009897631593048573,0.029860546812415123,0.13811558485031128,-1.4896483421325684,0.993678867816925,0.009897631593048573,0.029860546812415123,0.13811558485031128,-1.4896483421325684,0.993678867816925,0.06939972937107086,0.09231008589267731,0.3828745186328888,0.21040625870227814,0.5932294726371765,0.38181355595588684,0.0,0.5907225608825684,0.3927721381187439,-1.0,1.4588172435760498
136,667.0,305,0.011679439805448055,0.2377414107322693,-0.2284810096025467,4.146229267120361,0.01023381482809782,0.08798237144947052,1.2568790452860412e-10,1.250138759613037,0.005723251029849052,0.030056091025471687,0.1429506093263626,-1.5812265872955322,1.0111584663391113,0.005723251029849052,0.030056091025471687,0.1429506093263626,-1.5812265872955322,1.0111584663391113,0.06741829961538315,0.07914140820503235,0.4810410737991333,0.41180670261383057,0.6053020358085632,0.47937512397766113,0.0,0.6048937439918518,0.4867643713951111,-1.0,1.4910627603530884
137,-25.0,68,-0.010110188275575638,0.07220631837844849,-0.6001152992248535,-4.8569170758128166e-05,0.016651952639222145,0.13416028022766113,4.246248295203259e-07,1.1147466897964478,-0.02595110610127449,0.03445255756378174,0.18063898384571075,-1.4931488037109375,0.05255866050720215,-0.02595110610127449,0.03445255756378174,0.18063898384571075,-1.4931488037109375,0.05255866050720215,0.08384241908788681,0.07481174170970917,0.5061761736869812,0.46243640780448914,0.5733083486557007,0.49886760115623474,0.0,0.5651828646659851,0.4802250564098358,-1.0,0.5659817457199097
138,250.0,147,0.013394110836088657,0.26650381088256836,-0.5161178112030029,3.1658976078033447,0.013711126521229744,0.1040676012635231,1.3566058498781786e-07,1.1047642230987549,0.0005125083262100816,0.03370153158903122,0.1655958592891693,-1.4864482879638672,1.0112183094024658,0.0005125083262100816,0.03370153158903122,0.1655958592891693,-1.4864482879638672,1.0112183094024658,0.08183351159095764,0.07225929200649261,0.442982941865921,0.3821107745170593,0.5172387957572937,0.4397491216659546,0.0,0.5143648982048035,0.44349539279937744,-1.0,1.436112403869629
139,101.0,101,-0.00692722387611866,0.043501973152160645,-0.3607883155345917,0.027359379455447197,0.016405755653977394,0.12249083817005157,3.240048727093381e-07,1.1501545906066895,-0.0068138944916427135,0.03847134858369827,0.18101127445697784,-1.5166770219802856,0.9681030511856079,-0.0068138944916427135,0.03847134858369827,0.18101127445697784,-1.5166770219802856,0.9681030511856079,0.06709680706262589,0.06426931172609329,0.43469029664993286,0.362566739320755,0.5166770219802856,0.4309024512767792,0.0,0.5161259174346924,0.42787638306617737,-1.0,1.4332847595214844
140,-72.0,40,-0.02626669406890869,0.10749125480651855,-0.4980049431324005,0.0027040475979447365,0.02592870034277439,0.1573489010334015,7.356899089927538e-08,1.008513331413269,-0.04142890125513077,0.054743118584156036,0.22392193973064423,-1.4202206134796143,0.10508093237876892,-0.04142890125513077,0.054743118584156036,0.22392193973064423,-1.4202206134796143,0.10508093237876892,0.08236975967884064,0.07217412441968918,0.3979053199291229,0.3494284451007843,0.5105310678482056,0.38605818152427673,0.0,0.4613044559955597,0.35647645592689514,-1.0,0.4574653208255768
141,-63.0,48,-0.01592121832072735,0.07387282699346542,-0.433266282081604,0.0018656731117516756,0.019678134471178055,0.1306239515542984,6.295064469696854e-09,0.9151279330253601,-0.03129309043288231,0.04598225653171539,0.19590051472187042,-1.3528695106506348,0.08790245652198792,-0.03129309043288231,0.04598225653171539,0.19590051472187042,-1.3528695106506348,0.08790245652198792,0.05518050864338875,0.06458849459886551,0.35468757152557373,0.2855776846408844,0.44272175431251526,0.346927285194397,0.0,0.443962037563324,0.3233945071697235,-1.0,0.4561450481414795
142,1517.0,588,-0.002574618672952056,0.023997822776436806,-0.3260350525379181,0.0507134348154068,0.009805897250771523,0.08044227957725525,4.9540815894033585e-11,1.3698190450668335,0.010688703507184982,0.03207017481327057,0.13963361084461212,-1.6551852226257324,1.0006210803985596,0.010688703507184982,0.03207017481327057,0.13963361084461212,-1.6551852226257324,1.0006210803985596,0.060174085199832916,0.05887894704937935,0.4734540283679962,0.27507174015045166,0.7199485898017883,0.47272932529449463,0.0,0.7166928052902222,0.4841426908969879,-1.0,1.5380759239196777
